<?xml version="1.0" encoding="UTF-8"?><module codename="org.netbeans.bootstrap/1">
    <module_version install_time="1374031763017" last="true" origin="installer" specification_version="2.62">
        <file crc="1732211954" name="lib/boot.jar"/>
        <file crc="2800149149" name="lib/nbexec"/>
        <file crc="3178680459" name="lib/nbexec.dll"/>
        <file crc="3111968626" name="lib/nbexec.exe"/>
        <file crc="143899567" name="lib/nbexec64.dll"/>
        <file crc="1972118285" name="lib/nbexec64.exe"/>
    </module_version>
</module>
